{
    "source_lat": 49.26432384826641,
    "source_lon": -123.24884162502191,
    "source_description": "Crashed Drone"
}